{
    "loss": 37.870269775390625,
    "accuracy": 0.5686274766921997
}